/*
Navicat MySQL Data Transfer

Source Server         : localhost_3306
Source Server Version : 50724
Source Host           : localhost:3306
Source Database       : db_xianhua

Target Server Type    : MYSQL
Target Server Version : 50724
File Encoding         : 65001

Date: 2020-06-22 15:41:41
*/

SET FOREIGN_KEY_CHECKS=0;

-- ----------------------------
-- Table structure for t_admin
-- ----------------------------
DROP TABLE IF EXISTS `t_admin`;
CREATE TABLE `t_admin` (
  `userId` int(11) NOT NULL,
  `userName` varchar(50) DEFAULT NULL,
  `userPw` varchar(50) DEFAULT NULL,
  PRIMARY KEY (`userId`)
) ENGINE=MyISAM DEFAULT CHARSET=utf8;

-- ----------------------------
-- Records of t_admin
-- ----------------------------
INSERT INTO `t_admin` VALUES ('1', 'a', 'a');

-- ----------------------------
-- Table structure for t_catelog
-- ----------------------------
DROP TABLE IF EXISTS `t_catelog`;
CREATE TABLE `t_catelog` (
  `catelog_id` int(11) NOT NULL,
  `catelog_name` varchar(50) DEFAULT NULL,
  `catelog_miaoshu` text,
  `catelog_del` varchar(50) DEFAULT NULL,
  PRIMARY KEY (`catelog_id`)
) ENGINE=MyISAM DEFAULT CHARSET=utf8;

-- ----------------------------
-- Records of t_catelog
-- ----------------------------
INSERT INTO `t_catelog` VALUES ('1', '甜美爱情', '1', 'no');
INSERT INTO `t_catelog` VALUES ('4', '婚礼婚庆', '4', 'no');
INSERT INTO `t_catelog` VALUES ('5', '商业花篮', '5\r\n', 'no');
INSERT INTO `t_catelog` VALUES ('6', '问候长辈', '6', 'no');
INSERT INTO `t_catelog` VALUES ('7', '永生花', null, 'yes');
INSERT INTO `t_catelog` VALUES ('8', '友情鲜花', null, 'no');

-- ----------------------------
-- Table structure for t_gonggao
-- ----------------------------
DROP TABLE IF EXISTS `t_gonggao`;
CREATE TABLE `t_gonggao` (
  `gonggao_id` int(11) NOT NULL,
  `gonggao_title` varchar(50) DEFAULT NULL,
  `gonggao_content` text,
  `gonggao_data` varchar(50) DEFAULT NULL,
  `gonggao_fabuzhe` varchar(255) DEFAULT NULL,
  `gonggao_del` varchar(50) DEFAULT NULL,
  `gonggao_one1` varchar(50) DEFAULT NULL,
  `gonggao_one2` varchar(50) DEFAULT NULL,
  `gonggao_one3` varchar(50) DEFAULT NULL,
  `gonggao_one4` varchar(50) DEFAULT NULL,
  `gonggao_one5` datetime DEFAULT NULL,
  `gonggao_one6` datetime DEFAULT NULL,
  `gonggao_one7` int(11) DEFAULT NULL,
  `gonggao_one8` int(11) DEFAULT NULL,
  PRIMARY KEY (`gonggao_id`)
) ENGINE=MyISAM DEFAULT CHARSET=utf8;

-- ----------------------------
-- Records of t_gonggao
-- ----------------------------
INSERT INTO `t_gonggao` VALUES ('1', '如何养护鲜花', '<span style=\"font-family: Arial, 宋体, &quot;Times New Roman&quot;;\">鲜切花买回来后，如不设法保鲜，很快就会蔫枯而失去观赏价值。下面介绍几种鲜切花保鲜的办法：</span>\r\n<p style=\"font-family: Arial, 宋体, &quot;Times New Roman&quot;;\">&nbsp;</p>\r\n<p style=\"font-family: Arial, 宋体, &quot;Times New Roman&quot;;\">1、灼焦法：把花枝的末端放在蜡烛火焰上烧焦后，立即放到酒精里浸一分钟，再放到清水中漂清。绣球、丁香、木香、芍药、月季、菊花、象牙红等均可用此法处理。</p>\r\n<p style=\"font-family: Arial, 宋体, &quot;Times New Roman&quot;;\">2、浸烫法：将花枝基部浸入沸水约十秒钟，起到阻塞切口，防止花枝组织中液汁外溢的作用。</p>\r\n<p style=\"font-family: Arial, 宋体, &quot;Times New Roman&quot;;\">3、深水急救法：鲜花垂头时，可剪去花枝末端一小段，再放到盛满冷水的容器中，仅留花头露于水面，经一至二小时，花枝就会苏醒过来。此法对草本、木本花卉均适用。</p>\r\n<p style=\"font-family: Arial, 宋体, &quot;Times New Roman&quot;;\">4、使用保鲜剂法：在插花的容器中加入适量的鲜花保鲜剂，能延长插花时间。此外，用三千分之一的阿司匹林水溶液或二千分之一的高锰酸钾水溶液插菖兰能延长花期三至五天，加适量的硼酸、硫磺、石碳酸、水杨酸、食盐、维生素等，均有延长花期的作用。</p>\r\n<p style=\"font-family: Arial, 宋体, &quot;Times New Roman&quot;;\">5、扩大切口法：一般将花枝基部斜切；或将基部剖成二至四份，嵌入小石粒撑开裂口；也可锤击裂基部，扩大吸水面。其中斜切法最为常用，后两种主要用于木本花卉，如玉兰、绣球、丁香、紫藤</p>\r\n<p style=\"font-family: Arial, 宋体, &quot;Times New Roman&quot;;\">6、杀菌法：在水中放入酒精、KMnO4、樟脑、硼酸、柠檬酸、盐、明矾等都可以起到杀菌作用，只有水不腐烂，植物才能吸水保鲜。注：一定配成溶液后再用，不可未经溶解直接放入水中，用盐时注意浓度不可太大。</p>\r\n<p style=\"font-family: Arial, 宋体, &quot;Times New Roman&quot;;\">7、营养法：鲜花从母体上剪切后，就失去了营养源，可加入糖、啤酒、阿司匹林、维生素C等各类营养物质。</p>\r\n<p style=\"font-family: Arial, 宋体, &quot;Times New Roman&quot;;\">8、喷体、注射法：对于许多茎中空的花卉，可把花脚部位放在水龙头下强行灌水模样。</p>\r\n<p style=\"font-family: Arial, 宋体, &quot;Times New Roman&quot;;\">注意事项：<br />\r\n1.保持水质清洁：每天换水，每天剪根露新茬。泡水的地方去掉多余的叶子。<br />\r\n2.远离催热剂_乙烯：远离蔬菜和水果，因为它们会释放大量乙烯，导致鲜花衰败，同时，已败落的花果及时清理。<br />\r\n3.保鲜温度：普通花卉在5度左右，热带花卉在10-12度左右。<br />\r\n4.摆放位置：夏天远离阳光直射，冬天远离风口</p>', '2020-4-14 16:19:31', null, null, null, null, null, null, null, null, null, null);
INSERT INTO `t_gonggao` VALUES ('2', '社交礼仪花语', '<span style=\"font-family: Arial, 宋体, &quot;Times New Roman&quot;;\">社交礼仪花语有哪些？</span>\r\n<p style=\"font-family: Arial, 宋体, &quot;Times New Roman&quot;;\">&nbsp;</p>\r\n<p style=\"font-family: Arial, 宋体, &quot;Times New Roman&quot;;\">探病<br />\r\n罂粟花：安慰</p>\r\n<p style=\"font-family: Arial, 宋体, &quot;Times New Roman&quot;;\">　　樱草花：青春</p>\r\n<p style=\"font-family: Arial, 宋体, &quot;Times New Roman&quot;;\">　　剑兰：性格坚强</p>\r\n<p style=\"font-family: Arial, 宋体, &quot;Times New Roman&quot;;\">　　白杨：坚持、勇气</p>\r\n<p style=\"font-family: Arial, 宋体, &quot;Times New Roman&quot;;\">　　雏菊：同情</p>\r\n<p style=\"font-family: Arial, 宋体, &quot;Times New Roman&quot;;\">　　蔷薇花瓣：希望</p>\r\n<p style=\"font-family: Arial, 宋体, &quot;Times New Roman&quot;;\">　　虞美人、蓍草、山楂：安慰</p>\r\n<p style=\"font-family: Arial, 宋体, &quot;Times New Roman&quot;;\">　　鸢尾：问候</p>\r\n<p style=\"font-family: Arial, 宋体, &quot;Times New Roman&quot;;\">　　满天星：关怀</p>\r\n<p style=\"font-family: Arial, 宋体, &quot;Times New Roman&quot;;\">　　黄花：鼓励</p>\r\n<p style=\"font-family: Arial, 宋体, &quot;Times New Roman&quot;;\">　　荆树：抚慰　　</p>\r\n<p style=\"font-family: Arial, 宋体, &quot;Times New Roman&quot;;\">婚礼<br />\r\n白百合：完美、百年好合</p>\r\n<p style=\"font-family: Arial, 宋体, &quot;Times New Roman&quot;;\">　　红掌：天长地久</p>\r\n<p style=\"font-family: Arial, 宋体, &quot;Times New Roman&quot;;\">　　合欢：夫妻相爱</p>\r\n<p style=\"font-family: Arial, 宋体, &quot;Times New Roman&quot;;\">　　常春藤、菩提树、柠檬树花：忠诚、白头皆老</p>\r\n<p style=\"font-family: Arial, 宋体, &quot;Times New Roman&quot;;\">　　薄荷：感情热烈</p>\r\n<p style=\"font-family: Arial, 宋体, &quot;Times New Roman&quot;;\">　　牵牛花、石竹：爱情永结</p>\r\n<p style=\"font-family: Arial, 宋体, &quot;Times New Roman&quot;;\">　　春番红花：青春</p>\r\n<p style=\"font-family: Arial, 宋体, &quot;Times New Roman&quot;;\">　　山茶：真爱</p>\r\n<p style=\"font-family: Arial, 宋体, &quot;Times New Roman&quot;;\">　　毋忘我：永恒的爱　　</p>\r\n<p style=\"font-family: Arial, 宋体, &quot;Times New Roman&quot;;\">祝寿<br />\r\n松树：智慧、长寿</p>\r\n<p style=\"font-family: Arial, 宋体, &quot;Times New Roman&quot;;\">　　竹：高风亮节</p>\r\n<p style=\"font-family: Arial, 宋体, &quot;Times New Roman&quot;;\">　　梅：傲雪凌霜</p>\r\n<p style=\"font-family: Arial, 宋体, &quot;Times New Roman&quot;;\">　　福寿花：多福多寿</p>\r\n<p style=\"font-family: Arial, 宋体, &quot;Times New Roman&quot;;\">　　黄水仙：尊敬</p>\r\n<p style=\"font-family: Arial, 宋体, &quot;Times New Roman&quot;;\">　　兰花：品行高洁</p>\r\n<p style=\"font-family: Arial, 宋体, &quot;Times New Roman&quot;;\">　　万年青：永葆青春</p>\r\n<p style=\"font-family: Arial, 宋体, &quot;Times New Roman&quot;;\">　　千日莲：快乐</p>\r\n<p style=\"font-family: Arial, 宋体, &quot;Times New Roman&quot;;\">　　附子：敬意</p>\r\n<p style=\"font-family: Arial, 宋体, &quot;Times New Roman&quot;;\">　　吊钟花：感激</p>\r\n<p style=\"font-family: Arial, 宋体, &quot;Times New Roman&quot;;\">　　金鱼草：愉快</p>', '2020-4-14 16:21:18', null, null, null, null, null, null, null, null, null, null);
INSERT INTO `t_gonggao` VALUES ('3', '母亲节鲜花预定', '<p style=\"padding: 0px; margin: 0px; color: rgb(75, 75, 75); font-family: &quot;Microsoft YaHei&quot;; font-size: 14px;\">尊敬的新老客户：</p>\r\n<p style=\"padding: 0px; margin: 0px; color: rgb(75, 75, 75); font-family: &quot;Microsoft YaHei&quot;; font-size: 14px;\">首先花之苑全体员工祝愿各位新春愉快，百毒不侵，同时也祝天下所有的母亲，母亲节快乐！因鲜花的节日性非常强，母亲节亦是鲜花行业较繁忙的日子，花之苑在积累了多年的高峰期送花经验的基础上，为确保客户预订的情人节鲜花能按时保质配送，特作如下声明:</p>\r\n<p style=\"padding: 0px; margin: 0px; color: rgb(75, 75, 75); font-family: &quot;Microsoft YaHei&quot;; font-size: 14px;\">1.关于鲜花预定：</p>\r\n<p style=\"padding: 0px; margin: 0px; color: rgb(75, 75, 75); font-family: &quot;Microsoft YaHei&quot;; font-size: 14px;\">受市场供求关系的影响，母亲节期间（5月9日至10日）花材价格会一直上扬，一些地方甚至会出现花材短缺、人手不够的情况。所以如果客户提前预订鲜花，我们各地分店将提早预订计划花材，控制价格，提前安排人手及送花线路，既节约成本回报给客户也能有效地处理订单。</p>\r\n<p style=\"padding: 0px; margin: 0px; color: rgb(75, 75, 75); font-family: &quot;Microsoft YaHei&quot;; font-size: 14px;\">因此我们推出了不同时间段执行不同优惠的价格政策，越早预订优惠越多。需要母亲节订花的客户，请在我们的长辈专场进行订购。</p>\r\n<p style=\"padding: 0px; margin: 0px; color: rgb(75, 75, 75); font-family: &quot;Microsoft YaHei&quot;; font-size: 14px;\">2.关于配送</p>\r\n<p style=\"padding: 0px; margin: 0px; color: rgb(75, 75, 75); font-family: &quot;Microsoft YaHei&quot;; font-size: 14px;\">我们的配送范围包括所有的大中城市，但是有些偏远郊区、县城或者乡镇村庄，则请务必和我们联系确认是否可以送达及送达加收的配送费用，确认之后的付款方才有效。</p>\r\n<p style=\"padding: 0px; margin: 0px; color: rgb(75, 75, 75); font-family: &quot;Microsoft YaHei&quot;; font-size: 14px;\">情人节属送花高峰期，我们承诺订单将在情人节当日送达，但不保证具体某个时间段内送达。根据我们以往的服务经验，绝大多数订单可以按照客户预定的时间送达，个别客户因为交通不便利、地址不清楚及电话无法联系上而延迟配送。</p>\r\n<p style=\"padding: 0px; margin: 0px; color: rgb(75, 75, 75); font-family: &quot;Microsoft YaHei&quot;; font-size: 14px;\">若您有特别需求需要定时送达，请至少提前一天与我们确认并成功下订单，并在下订单时选择加上定时服务，我们将达成您的要求。</p>\r\n<p style=\"padding: 0px; margin: 0px; color: rgb(75, 75, 75); font-family: &quot;Microsoft YaHei&quot;; font-size: 14px;\">当天送花的订单过多，送花的车一出去就是几个小时，所以我们无法一一立即反馈送达情况，但会尽量对订花人反馈当天的鲜花送达情况，我们会在当天下午6点到8点期间统一安排。</p>\r\n<p style=\"padding: 0px; margin: 0px; color: rgb(75, 75, 75); font-family: &quot;Microsoft YaHei&quot;; font-size: 14px;\">3、订单处理</p>\r\n<p style=\"padding: 0px; margin: 0px; color: rgb(75, 75, 75); font-family: &quot;Microsoft YaHei&quot;; font-size: 14px;\">我们将按照接单顺序，处理您的订单。母亲节期间如果订单超出负荷，我们将及时停止受理母亲节新订单，以确保客户已提交订单在母亲节准确及时的送达收花人手中。</p>\r\n<p style=\"padding: 0px; margin: 0px; color: rgb(75, 75, 75); font-family: &quot;Microsoft YaHei&quot;; font-size: 14px;\">为了尽早送达您的鲜花,所有订单都会及时安排到各地花店。若收花人地址变更但在同一城市，请提前2天通知我们修改配送联系方式。若收花人变更了送花城市，则至少要在9日前通知我们方才有效。</p>\r\n<p style=\"padding: 0px; margin: 0px; color: rgb(75, 75, 75); font-family: &quot;Microsoft YaHei&quot;; font-size: 14px;\">5.服务承诺</p>\r\n<p style=\"padding: 0px; margin: 0px; color: rgb(75, 75, 75); font-family: &quot;Microsoft YaHei&quot;; font-size: 14px;\">本店将以饱满的热情专业的服务为您做好爱情的使者，所送鲜花保证都由专业花艺师按照图例插制，款式漂亮，花材新鲜，送花服务热情周到。网站订单24小时为您服务，人工接待时间为8：30～晚上1：30；送花时间为早上8点至晚上10点。</p>\r\n<p style=\"padding: 0px; margin: 0px; color: rgb(75, 75, 75); font-family: &quot;Microsoft YaHei&quot;; font-size: 14px;\">由于送达范围超限，且没有和我们确认但已经付款但无法安排的订单，我们会在5月10日统一进行订单撤回。</p>\r\n<p style=\"padding: 0px; margin: 0px; color: rgb(75, 75, 75); font-family: &quot;Microsoft YaHei&quot;; font-size: 14px;\">若因我们的质量或服务问题造成的订单问题，我们承诺在后续的3个月内为您免费为您补送一次同样的花束，并代您致歉。</p>\r\n<p style=\"padding: 0px; margin: 0px; color: rgb(75, 75, 75); font-family: &quot;Microsoft YaHei&quot;; font-size: 14px;\">再次祝愿大家新年吉祥，爱情美满，生活幸福！</p>', '2020-4-14 16:49:01', null, null, null, null, null, null, null, null, null, null);
INSERT INTO `t_gonggao` VALUES ('4', '母亲节鲜花打折了！！！', '母亲节即将到来，部分鲜花8.8折啦！！', '2020-5-2 20:19:45', null, null, null, null, null, null, null, null, null, null);
INSERT INTO `t_gonggao` VALUES ('5', '父亲节鲜花打折了！！！', '父亲节鲜花都九点九折啦！！！！', '2020-5-31 21:46:17', null, null, null, null, null, null, null, null, null, null);

-- ----------------------------
-- Table structure for t_goods
-- ----------------------------
DROP TABLE IF EXISTS `t_goods`;
CREATE TABLE `t_goods` (
  `goods_id` int(11) NOT NULL,
  `goods_name` varchar(50) DEFAULT NULL,
  `goods_miaoshu` text,
  `goods_pic` varchar(50) DEFAULT NULL,
  `goods_yanse` varchar(50) DEFAULT NULL,
  `goods_shichangjia` int(11) DEFAULT NULL,
  `goods_tejia` int(11) DEFAULT NULL,
  `goods_isnottejia` varchar(50) DEFAULT NULL,
  `goods_isnottuijian` varchar(50) DEFAULT NULL,
  `goods_catelog_id` int(11) DEFAULT NULL,
  `goods_kucun` int(11) DEFAULT NULL,
  `goods_Del` varchar(50) DEFAULT NULL,
  PRIMARY KEY (`goods_id`)
) ENGINE=MyISAM DEFAULT CHARSET=utf8;

-- ----------------------------
-- Records of t_goods
-- ----------------------------
INSERT INTO `t_goods` VALUES ('11', '语笑嫣然-', '<dl style=\"box-sizing: border-box; margin: 12px 0px; color: rgb(115, 115, 115); font-family: tahoma, arial, &quot;Hiragino Sans GB&quot;, 宋体, sans-serif;\"><dt style=\"box-sizing: border-box; line-height: 1.42857; float: left !important;\">材 料：</dt><dd style=\"box-sizing: border-box; line-height: 1.42857; margin-left: 70px;\">粉佳人玫瑰9枝、粉色小菊3枝、洋桔梗5枝、大尤加利叶5枝</dd></dl><dl style=\"box-sizing: border-box; margin: 12px 0px; color: rgb(115, 115, 115); font-family: tahoma, arial, &quot;Hiragino Sans GB&quot;, 宋体, sans-serif;\"><dt style=\"box-sizing: border-box; line-height: 1.42857; float: left !important;\">包 装：</dt><dd style=\"box-sizing: border-box; line-height: 1.42857; margin-left: 70px;\">粉色雾面纸5张、灰色OPP膜书法纸3张、浅粉色罗纹玫瑰金丝带1.5米</dd></dl><dl style=\"box-sizing: border-box; margin: 12px 0px; color: rgb(115, 115, 115); font-family: tahoma, arial, &quot;Hiragino Sans GB&quot;, 宋体, sans-serif;\"><dt style=\"box-sizing: border-box; line-height: 1.42857; float: left !important;\">花 语：</dt><dd style=\"box-sizing: border-box; line-height: 1.42857; margin-left: 70px;\">世界万物，都抵不过你莞尔一笑。</dd></dl>', '/upload/1586766439137.jpg', null, '198', '188', 'yes', null, '1', '91', 'no');
INSERT INTO `t_goods` VALUES ('12', '韩式系列/着迷', '<dl style=\"box-sizing: border-box; margin: 12px 0px; color: rgb(115, 115, 115); font-family: tahoma, arial, &quot;Hiragino Sans GB&quot;, 宋体, sans-serif;\"><dt style=\"box-sizing: border-box; line-height: 1.42857; float: left !important;\">材 料：</dt><dd style=\"box-sizing: border-box; line-height: 1.42857; margin-left: 70px;\">韩式花束系列：紫霞仙子紫玫瑰11枝、白色洋桔梗10枝、尤加利5枝、浅紫色紫罗兰3枝</dd></dl><dl style=\"box-sizing: border-box; margin: 12px 0px; color: rgb(115, 115, 115); font-family: tahoma, arial, &quot;Hiragino Sans GB&quot;, 宋体, sans-serif;\"><dt style=\"box-sizing: border-box; line-height: 1.42857; float: left !important;\">包 装：</dt><dd style=\"box-sizing: border-box; line-height: 1.42857; margin-left: 70px;\">浅紫/香芋紫人造纸7张、白色雪梨纸2张、灰蓝色罗纹烫金丝带2米</dd></dl><dl style=\"box-sizing: border-box; margin: 12px 0px; color: rgb(115, 115, 115); font-family: tahoma, arial, &quot;Hiragino Sans GB&quot;, 宋体, sans-serif;\"><dt style=\"box-sizing: border-box; line-height: 1.42857; float: left !important;\">花 语：</dt><dd style=\"box-sizing: border-box; line-height: 1.42857; margin-left: 70px;\">浪漫至死不渝，温柔绝对屈服</dd></dl>', '/upload/1586766669283.jpg', null, '269', '0', 'no', null, '1', '102', 'yes');
INSERT INTO `t_goods` VALUES ('13', '韩式系列/佳期如梦', '<dl style=\"box-sizing: border-box; margin: 12px 0px; color: rgb(115, 115, 115); font-family: tahoma, arial, &quot;Hiragino Sans GB&quot;, 宋体, sans-serif;\"><dt style=\"box-sizing: border-box; line-height: 1.42857; float: left !important;\">材 料：</dt><dd style=\"box-sizing: border-box; line-height: 1.42857; margin-left: 70px;\">韩式花束系列：白雪山玫瑰13枝、粉色洋桔梗5枝、尤加利10枝、粉色紫罗兰5枝</dd></dl><dl style=\"box-sizing: border-box; margin: 12px 0px; color: rgb(115, 115, 115); font-family: tahoma, arial, &quot;Hiragino Sans GB&quot;, 宋体, sans-serif;\"><dt style=\"box-sizing: border-box; line-height: 1.42857; float: left !important;\">包 装：</dt><dd style=\"box-sizing: border-box; line-height: 1.42857; margin-left: 70px;\">灰/白色欧雅纸7张、白色雪梨纸2张、粉色罗纹玫瑰金丝带各1.5米</dd></dl><dl style=\"box-sizing: border-box; margin: 12px 0px; color: rgb(115, 115, 115); font-family: tahoma, arial, &quot;Hiragino Sans GB&quot;, 宋体, sans-serif;\"><dt style=\"box-sizing: border-box; line-height: 1.42857; float: left !important;\">花 语：</dt><dd style=\"box-sizing: border-box; line-height: 1.42857; margin-left: 70px;\">如若柔情似水，希望佳期如梦</dd></dl>', '/upload/1586766831579.jpg', null, '279', '279', 'no', null, '1', '99', 'no');
INSERT INTO `t_goods` VALUES ('14', '99的爱', '<dl style=\"box-sizing: border-box; margin: 12px 0px; color: rgb(115, 115, 115); font-family: tahoma, arial, &quot;Hiragino Sans GB&quot;, 宋体, sans-serif;\"><dt style=\"box-sizing: border-box; line-height: 1.42857; float: left !important;\">材 料：</dt><dd style=\"box-sizing: border-box; line-height: 1.42857; margin-left: 70px;\">香槟玫瑰99枝，尤加利15枝</dd></dl><dl style=\"box-sizing: border-box; margin: 12px 0px; color: rgb(115, 115, 115); font-family: tahoma, arial, &quot;Hiragino Sans GB&quot;, 宋体, sans-serif;\"><dt style=\"box-sizing: border-box; line-height: 1.42857; float: left !important;\">包 装：</dt><dd style=\"box-sizing: border-box; line-height: 1.42857; margin-left: 70px;\">内层米白色平面纸，外层黄/绿双面人造纸</dd></dl><dl style=\"box-sizing: border-box; margin: 12px 0px; color: rgb(115, 115, 115); font-family: tahoma, arial, &quot;Hiragino Sans GB&quot;, 宋体, sans-serif;\"><dt style=\"box-sizing: border-box; line-height: 1.42857; float: left !important;\">花 语：</dt><dd style=\"box-sizing: border-box; line-height: 1.42857; margin-left: 70px;\">过程太美就像我第一次遇见你，你傻的可爱我也没想过会爱的彻底，这一天，99的爱给你，幸福永远！</dd></dl>', '/upload/1586766946043.jpg', null, '599', '568', 'yes', null, '1', '92', 'no');
INSERT INTO `t_goods` VALUES ('15', '韩式系列/一路向阳', '<dl style=\"box-sizing: border-box; margin: 12px 0px; color: rgb(115, 115, 115); font-family: tahoma, arial, &quot;Hiragino Sans GB&quot;, 宋体, sans-serif;\"><dt style=\"box-sizing: border-box; line-height: 1.42857; float: left !important;\">材 料：</dt><dd style=\"box-sizing: border-box; line-height: 1.42857; margin-left: 70px;\">韩式花束系列：向日葵3枝、香槟玫瑰9枝、橙色多头玫5枝、黄色腊梅5枝、大叶尤加利5枝</dd></dl><dl style=\"box-sizing: border-box; margin: 12px 0px; color: rgb(115, 115, 115); font-family: tahoma, arial, &quot;Hiragino Sans GB&quot;, 宋体, sans-serif;\"><dt style=\"box-sizing: border-box; line-height: 1.42857; float: left !important;\">包 装：</dt><dd style=\"box-sizing: border-box; line-height: 1.42857; margin-left: 70px;\">姜黄色双面牛皮纸8张、白色雪梨纸1大张、浅粉色罗纹玫瑰金丝带2米</dd></dl><dl style=\"box-sizing: border-box; margin: 12px 0px; color: rgb(115, 115, 115); font-family: tahoma, arial, &quot;Hiragino Sans GB&quot;, 宋体, sans-serif;\"><dt style=\"box-sizing: border-box; line-height: 1.42857; float: left !important;\">花 语：</dt><dd style=\"box-sizing: border-box; line-height: 1.42857; margin-left: 70px;\">以秋色和暖阳为设计主题，打造全新韩式系列，在凛冽冬日，你的爱就像一束阳光，照进了我的心中！</dd></dl>', '/upload/1586767070235.jpg', null, '298', '298', 'no', null, '6', '100', 'no');
INSERT INTO `t_goods` VALUES ('16', '星河璀璨', '<dl style=\"box-sizing: border-box; margin: 12px 0px; color: rgb(115, 115, 115); font-family: tahoma, arial, &quot;Hiragino Sans GB&quot;, 宋体, sans-serif;\"><dt style=\"box-sizing: border-box; line-height: 1.42857; float: left !important;\">材 料：</dt><dd style=\"box-sizing: border-box; line-height: 1.42857; margin-left: 70px;\">香槟玫瑰9枝、蓝绣球1枝、向日葵3枝、白色洋桔梗5枝、大叶尤加利5枝！</dd></dl><dl style=\"box-sizing: border-box; margin: 12px 0px; color: rgb(115, 115, 115); font-family: tahoma, arial, &quot;Hiragino Sans GB&quot;, 宋体, sans-serif;\"><dt style=\"box-sizing: border-box; line-height: 1.42857; float: left !important;\">包 装：</dt><dd style=\"box-sizing: border-box; line-height: 1.42857; margin-left: 70px;\">蓝色人造纸5张、褐绿色OPP膜书法纸3张、香槟缎带1.5米、灰蓝色罗纹烫金丝带1.5米</dd></dl><dl style=\"box-sizing: border-box; margin: 12px 0px; color: rgb(115, 115, 115); font-family: tahoma, arial, &quot;Hiragino Sans GB&quot;, 宋体, sans-serif;\"><dt style=\"box-sizing: border-box; line-height: 1.42857; float: left !important;\">花 语：</dt><dd style=\"box-sizing: border-box; line-height: 1.42857; margin-left: 70px;\">你如璀璨的星河，于苍穹之中，焕发光芒，闪耀着我的人生。</dd></dl>', '/upload/1586767147391.jpg', null, '289', '248', 'yes', null, '6', '94', 'no');
INSERT INTO `t_goods` VALUES ('17', '月光女神', '<dl style=\"box-sizing: border-box; margin: 12px 0px; color: rgb(115, 115, 115); font-family: tahoma, arial, &quot;Hiragino Sans GB&quot;, 宋体, sans-serif;\"><dt style=\"box-sizing: border-box; line-height: 1.42857; float: left !important;\">材 料：</dt><dd style=\"box-sizing: border-box; line-height: 1.42857; margin-left: 70px;\">白玫瑰11枝+绿色桔梗5枝，小菊3枝，白色石竹梅4枝，尤加利0.5扎</dd></dl><dl style=\"box-sizing: border-box; margin: 12px 0px; color: rgb(115, 115, 115); font-family: tahoma, arial, &quot;Hiragino Sans GB&quot;, 宋体, sans-serif;\"><dt style=\"box-sizing: border-box; line-height: 1.42857; float: left !important;\">包 装：</dt><dd style=\"box-sizing: border-box; line-height: 1.42857; margin-left: 70px;\">灰色雾面纸，白绿细罗纹带</dd></dl><dl style=\"box-sizing: border-box; margin: 12px 0px; color: rgb(115, 115, 115); font-family: tahoma, arial, &quot;Hiragino Sans GB&quot;, 宋体, sans-serif;\"><dt style=\"box-sizing: border-box; line-height: 1.42857; float: left !important;\">花 语：</dt><dd style=\"box-sizing: border-box; line-height: 1.42857; margin-left: 70px;\">那些芳香迷人的花儿啊，在无边的海水和长长的海岸之间，她将成为我的爱人。</dd></dl>', '/upload/1586767373149.jpg', null, '235', '230', 'yes', null, '2', '100', 'yes');
INSERT INTO `t_goods` VALUES ('18', '母爱', '<dl style=\"box-sizing: border-box; margin: 12px 0px; color: rgb(115, 115, 115); font-family: tahoma, arial, &quot;Hiragino Sans GB&quot;, 宋体, sans-serif;\"><dt style=\"box-sizing: border-box; line-height: 1.42857; float: left !important;\">材 料：</dt><dd style=\"box-sizing: border-box; line-height: 1.42857; margin-left: 70px;\">紫红色康乃馨9枝，粉色多头康乃馨10枝</dd></dl><dl style=\"box-sizing: border-box; margin: 12px 0px; color: rgb(115, 115, 115); font-family: tahoma, arial, &quot;Hiragino Sans GB&quot;, 宋体, sans-serif;\"><dt style=\"box-sizing: border-box; line-height: 1.42857; float: left !important;\">包 装：</dt><dd style=\"box-sizing: border-box; line-height: 1.42857; margin-left: 70px;\">白色雪梨纸，香芋紫人造纸，粉色opp雾面纸，白蓝罗纹带花结</dd></dl><dl style=\"box-sizing: border-box; margin: 12px 0px; color: rgb(115, 115, 115); font-family: tahoma, arial, &quot;Hiragino Sans GB&quot;, 宋体, sans-serif;\"><dt style=\"box-sizing: border-box; line-height: 1.42857; float: left !important;\">花 语：</dt><dd style=\"box-sizing: border-box; line-height: 1.42857; margin-left: 70px;\">没你疼爱我怎么生活，没你抚养我怎能长大，你给了我青春的年华，自己却满头白发，不负青春年华，是对你最好的报答！</dd></dl>', '/upload/1586767491530.jpg', null, '162', '162', 'no', null, '6', '100', 'no');
INSERT INTO `t_goods` VALUES ('19', '幸福万年长', '<dl style=\"box-sizing: border-box; margin: 12px 0px; color: rgb(115, 115, 115); font-family: tahoma, arial, &quot;Hiragino Sans GB&quot;, 宋体, sans-serif;\"><dt style=\"box-sizing: border-box; line-height: 1.42857; float: left !important;\">材 料：</dt><dd style=\"box-sizing: border-box; line-height: 1.42857; margin-left: 70px;\">红色康乃馨66枝，搭配白边紫色多头康乃馨15枝，栀子叶2扎</dd></dl><dl style=\"box-sizing: border-box; margin: 12px 0px; color: rgb(115, 115, 115); font-family: tahoma, arial, &quot;Hiragino Sans GB&quot;, 宋体, sans-serif;\"><dt style=\"box-sizing: border-box; line-height: 1.42857; float: left !important;\">包 装：</dt><dd style=\"box-sizing: border-box; line-height: 1.42857; margin-left: 70px;\">蓝灰色绝色纸2张，墨绿色条纹纸2张，玻璃纸1.5米，白绿粗条纹罗文带1.5米</dd></dl><dl style=\"box-sizing: border-box; margin: 12px 0px; color: rgb(115, 115, 115); font-family: tahoma, arial, &quot;Hiragino Sans GB&quot;, 宋体, sans-serif;\"><dt style=\"box-sizing: border-box; line-height: 1.42857; float: left !important;\">花 语：</dt><dd style=\"box-sizing: border-box; line-height: 1.42857; margin-left: 70px;\">家是什么?有人说家是倦鸟归来的巢，家是小船避风的港......有爱有家，幸福万年长。</dd></dl>', '/upload/1586767591868.jpg', null, '338', '300', 'yes', null, '6', '98', 'no');
INSERT INTO `t_goods` VALUES ('20', '韩式系列/温柔以待', '<dl style=\"box-sizing: border-box; margin: 12px 0px; color: rgb(115, 115, 115); font-family: tahoma, arial, &quot;Hiragino Sans GB&quot;, 宋体, sans-serif;\"><dt style=\"box-sizing: border-box; line-height: 1.42857; float: left !important;\">材 料：</dt><dd style=\"box-sizing: border-box; line-height: 1.42857; margin-left: 70px;\">韩式花束系列：粉色康乃馨13枝，戴安娜玫瑰5枝、粉色洋桔梗5枝、浅紫紫罗兰5枝、尤加利10枝</dd></dl><dl style=\"box-sizing: border-box; margin: 12px 0px; color: rgb(115, 115, 115); font-family: tahoma, arial, &quot;Hiragino Sans GB&quot;, 宋体, sans-serif;\"><dt style=\"box-sizing: border-box; line-height: 1.42857; float: left !important;\">包 装：</dt><dd style=\"box-sizing: border-box; line-height: 1.42857; margin-left: 70px;\">嫣粉/玫粉色欧雅纸8张、白色雪梨纸2大张、浅粉色罗纹玫瑰金丝带2米</dd></dl><dl style=\"box-sizing: border-box; margin: 12px 0px; color: rgb(115, 115, 115); font-family: tahoma, arial, &quot;Hiragino Sans GB&quot;, 宋体, sans-serif;\"><dt style=\"box-sizing: border-box; line-height: 1.42857; float: left !important;\">花 语：</dt><dd style=\"box-sizing: border-box; line-height: 1.42857; margin-left: 70px;\">温柔的人，都是人间宝藏</dd></dl>', '/upload/1586767754095.jpg', null, '239', '239', 'no', null, '6', '100', 'no');
INSERT INTO `t_goods` VALUES ('21', '一如初见', '<dl style=\"box-sizing: border-box; margin: 12px 0px; color: rgb(115, 115, 115); font-family: tahoma, arial, &quot;Hiragino Sans GB&quot;, 宋体, sans-serif;\"><dt style=\"box-sizing: border-box; line-height: 1.42857; float: left !important;\">材 料：</dt><dd style=\"box-sizing: border-box; line-height: 1.42857; margin-left: 70px;\"><br />\r\n</dd><dd style=\"box-sizing: border-box; line-height: 1.42857; margin-left: 70px;\">\r\n<table cellpadding=\"0\" cellspacing=\"0\" style=\"text-size-adjust: 100%; color: rgb(102, 102, 102); font-family: 微软雅黑; font-size: 14px;\">\r\n    <tbody style=\"text-size-adjust: 100%;\">\r\n        <tr style=\"text-size-adjust: 100%;\">\r\n            <td valign=\"top\" class=\"propValue g_minor\" style=\"text-size-adjust: none; color: rgb(97, 97, 97); line-height: 25px; word-break: break-word; overflow-wrap: break-word; display: inline-block;\"><span style=\"text-size-adjust: 100%; vertical-align: middle;\">6枝苏醒玫瑰、11枝戴安娜玫瑰、3枝红色扶郎、3枝乒乓菊、3枝白色紫罗兰、2枝乒乓菊、16枝洋桔梗、尤加利叶若干</span></td>\r\n        </tr>\r\n    </tbody>\r\n</table>\r\n</dd></dl><dl style=\"box-sizing: border-box; margin: 12px 0px; color: rgb(115, 115, 115); font-family: tahoma, arial, &quot;Hiragino Sans GB&quot;, 宋体, sans-serif;\"><dt style=\"box-sizing: border-box; line-height: 1.42857; float: left !important;\">包 装：</dt><dd style=\"box-sizing: border-box; line-height: 1.42857; margin-left: 70px;\"><br />\r\n</dd><dd style=\"box-sizing: border-box; line-height: 1.42857; margin-left: 70px;\">\r\n<table cellpadding=\"0\" cellspacing=\"0\" style=\"text-size-adjust: 100%; color: rgb(102, 102, 102); font-family: 微软雅黑; font-size: 14px;\">\r\n    <tbody style=\"text-size-adjust: 100%;\">\r\n        <tr style=\"text-size-adjust: 100%;\">\r\n            <td valign=\"top\" class=\"propValue g_minor\" style=\"text-size-adjust: none; color: rgb(97, 97, 97); line-height: 25px; word-break: break-word; overflow-wrap: break-word; display: inline-block;\"><span style=\"text-size-adjust: 100%; vertical-align: middle;\">粉色包装纸</span></td>\r\n        </tr>\r\n    </tbody>\r\n</table>\r\n</dd></dl><dl style=\"box-sizing: border-box; margin: 12px 0px; color: rgb(115, 115, 115); font-family: tahoma, arial, &quot;Hiragino Sans GB&quot;, 宋体, sans-serif;\"><dt style=\"box-sizing: border-box; line-height: 1.42857; float: left !important;\">花 语：</dt><span style=\"color: rgb(97, 97, 97); font-family: 微软雅黑; font-size: 14px;\">人生若只如初见，只愿与你相伴时光禁止，默默体会永恒的滋味</span><dd style=\"box-sizing: border-box; line-height: 1.42857; margin-left: 70px;\"><br />\r\n</dd></dl>', '/upload/1586768029271.jpg', null, '168', '168', 'no', null, '2', '100', 'yes');
INSERT INTO `t_goods` VALUES ('22', '甜美公主', '<dl style=\"box-sizing: border-box; margin: 12px 0px; color: rgb(115, 115, 115); font-family: tahoma, arial, &quot;Hiragino Sans GB&quot;, 宋体, sans-serif;\"><dt style=\"box-sizing: border-box; line-height: 1.42857; float: left !important;\">材 料：</dt><dd style=\"box-sizing: border-box; line-height: 1.42857; margin-left: 70px;\">各色玫瑰共36枝：白玫瑰22枝，粉佳人粉玫瑰14枝；粉色桔梗5枝，尤加利0.5扎</dd></dl><dl style=\"box-sizing: border-box; margin: 12px 0px; color: rgb(115, 115, 115); font-family: tahoma, arial, &quot;Hiragino Sans GB&quot;, 宋体, sans-serif;\"><dt style=\"box-sizing: border-box; line-height: 1.42857; float: left !important;\">包 装：</dt><dd style=\"box-sizing: border-box; line-height: 1.42857; margin-left: 70px;\">绿色/浅绿色双面人造纸，白咖罗纹带花结</dd></dl><dl style=\"box-sizing: border-box; margin: 12px 0px; color: rgb(115, 115, 115); font-family: tahoma, arial, &quot;Hiragino Sans GB&quot;, 宋体, sans-serif;\"><dt style=\"box-sizing: border-box; line-height: 1.42857; float: left !important;\">花 语：</dt><dd style=\"box-sizing: border-box; line-height: 1.42857; margin-left: 70px;\">再多一点点距离，我就能靠近你。清晰甜美的空气里，爱你到不能呼吸。</dd></dl>', '/upload/1586768206683.jpg', null, '369', '369', 'no', null, '1', '100', 'no');
INSERT INTO `t_goods` VALUES ('23', '一生一世', '<dl style=\"box-sizing: border-box; margin: 12px 0px; color: rgb(115, 115, 115); font-family: tahoma, arial, &quot;Hiragino Sans GB&quot;, 宋体, sans-serif;\"><dt style=\"box-sizing: border-box; line-height: 1.42857; float: left !important;\">材 料：</dt><dd style=\"box-sizing: border-box; line-height: 1.42857; margin-left: 70px;\">厄瓜多尔进口永生红玫1朵(直径6-7CM)，搭配双色永生绣球，白色小星花（所有材料均为永生花花材，可存放2～3年）<br style=\"box-sizing: border-box;\" />\r\n</dd></dl><dl style=\"box-sizing: border-box; margin: 12px 0px; color: rgb(115, 115, 115); font-family: tahoma, arial, &quot;Hiragino Sans GB&quot;, 宋体, sans-serif;\"><dt style=\"box-sizing: border-box; line-height: 1.42857; float: left !important;\">包 装：</dt><dd style=\"box-sizing: border-box; line-height: 1.42857; margin-left: 70px;\">心形玻璃罩+礼盒</dd></dl><dl style=\"box-sizing: border-box; margin: 12px 0px; color: rgb(115, 115, 115); font-family: tahoma, arial, &quot;Hiragino Sans GB&quot;, 宋体, sans-serif;\"><dt style=\"box-sizing: border-box; line-height: 1.42857; float: left !important;\">备 注：</dt><dd style=\"box-sizing: border-box; line-height: 1.42857; margin-left: 70px;\">弱水三千只取一瓢饮，一生一世只爱你一人。</dd></dl>', '/upload/1586768319574.jpg', null, '198', '198', 'no', null, '7', '100', 'yes');
INSERT INTO `t_goods` VALUES ('24', 'Be My Love', '<dl style=\"box-sizing: border-box; margin: 12px 0px; color: rgb(115, 115, 115); font-family: tahoma, arial, &quot;Hiragino Sans GB&quot;, 宋体, sans-serif;\"><dt style=\"box-sizing: border-box; line-height: 1.42857; float: left !important;\">材 料：</dt><dd style=\"box-sizing: border-box; line-height: 1.42857; margin-left: 70px;\">厄瓜多尔进口红色永生玫瑰（直径6-7cm）2枝，进口白色永生玫瑰（直径5-6cm)1枝，棉花2朵，进口粉色珍珠5颗，红色小果子2枝，桂皮、秋色绿绣球、松枝、小叶尤加利叶永生花适量</dd></dl><dl style=\"box-sizing: border-box; margin: 12px 0px; color: rgb(115, 115, 115); font-family: tahoma, arial, &quot;Hiragino Sans GB&quot;, 宋体, sans-serif;\"><dt style=\"box-sizing: border-box; line-height: 1.42857; float: left !important;\">包 装：</dt><dd style=\"box-sizing: border-box; line-height: 1.42857; margin-left: 70px;\">玻璃罩 蓝色定制礼盒</dd></dl><dl style=\"box-sizing: border-box; margin: 12px 0px; color: rgb(115, 115, 115); font-family: tahoma, arial, &quot;Hiragino Sans GB&quot;, 宋体, sans-serif;\"><dt style=\"box-sizing: border-box; line-height: 1.42857; float: left !important;\">备 注：</dt><dd style=\"box-sizing: border-box; line-height: 1.42857; margin-left: 70px;\">比喜欢更深的是爱，比爱更重要的，是你。</dd></dl>', '/upload/1586768377967.jpg', null, '398', '398', 'no', null, '7', '100', 'yes');
INSERT INTO `t_goods` VALUES ('25', '一鹿(路)有你永生花小夜灯', '<dl style=\"box-sizing: border-box; margin: 12px 0px; color: rgb(115, 115, 115); font-family: tahoma, arial, &quot;Hiragino Sans GB&quot;, 宋体, sans-serif;\"><dt style=\"box-sizing: border-box; line-height: 1.42857; float: left !important;\">材 料：</dt><dd style=\"box-sizing: border-box; line-height: 1.42857; margin-left: 70px;\">哥伦比亚进口玫瑰、绣球，苔藓，满天星等、小鹿公仔，经花艺师手工精制而成，再搭配温馨小夜灯，适合生日、周年纪念日等特别的日子送女朋友、妻子之优选！</dd></dl><dl style=\"box-sizing: border-box; margin: 12px 0px; color: rgb(115, 115, 115); font-family: tahoma, arial, &quot;Hiragino Sans GB&quot;, 宋体, sans-serif;\"><dt style=\"box-sizing: border-box; line-height: 1.42857; float: left !important;\">包 装：</dt><dd style=\"box-sizing: border-box; line-height: 1.42857; margin-left: 70px;\">精致永生花礼盒</dd></dl><dl style=\"box-sizing: border-box; margin: 12px 0px; color: rgb(115, 115, 115); font-family: tahoma, arial, &quot;Hiragino Sans GB&quot;, 宋体, sans-serif;\"><dt style=\"box-sizing: border-box; line-height: 1.42857; float: left !important;\">备 注：</dt><dd style=\"box-sizing: border-box; line-height: 1.42857; margin-left: 70px;\">鹿代表爱情坚贞，寓意美满，守护爱情，一路(鹿)有你陪伴</dd></dl>', '/upload/1586768459263.jpg', null, '298', '268', 'yes', null, '7', '99', 'yes');
INSERT INTO `t_goods` VALUES ('26', '柔情时光', '<dl style=\"box-sizing: border-box; margin: 12px 0px; color: rgb(115, 115, 115); font-family: tahoma, arial, &quot;Hiragino Sans GB&quot;, 宋体, sans-serif;\"><dt style=\"box-sizing: border-box; line-height: 1.42857; float: left !important;\">材 料：</dt><dd style=\"box-sizing: border-box; line-height: 1.42857; margin-left: 70px;\">日本进口大地玫粉双色玫瑰1朵，粉紫色玫瑰1朵，浅粉紫康乃馨1朵，粉紫色奥斯丁1朵，香槟粉黄金球1朵，粉色绣球适量、白色绣球适量，紫色渐变满天星适量；美国进口Voluspa香氛1盒（Voluspa起源于美国南加州，好莱坞巨星们是常客！由于味道好闻颜值又高，VOLUSPA还经常成为奥斯卡、格莱美等颁奖典礼的伴手礼。依循欧洲古老传统的制蜡配方，添加只从天然植物、水果和香料中萃取的精油，闻起来舒服自然。）</dd></dl><dl style=\"box-sizing: border-box; margin: 12px 0px; color: rgb(115, 115, 115); font-family: tahoma, arial, &quot;Hiragino Sans GB&quot;, 宋体, sans-serif;\"><dt style=\"box-sizing: border-box; line-height: 1.42857; float: left !important;\">包 装：</dt><dd style=\"box-sizing: border-box; line-height: 1.42857; margin-left: 70px;\">蓝色高档定制礼盒</dd></dl><dl style=\"box-sizing: border-box; margin: 12px 0px; color: rgb(115, 115, 115); font-family: tahoma, arial, &quot;Hiragino Sans GB&quot;, 宋体, sans-serif;\"><dt style=\"box-sizing: border-box; line-height: 1.42857; float: left !important;\">备 注：</dt><dd style=\"box-sizing: border-box; line-height: 1.42857; margin-left: 70px;\">柔情时光，岁月如歌，我为你描绘幸福的模样。</dd></dl>', '/upload/1586768556591.jpg', null, '388', '388', 'no', null, '7', '98', 'yes');
INSERT INTO `t_goods` VALUES ('27', '不变的承诺', '<dl style=\"box-sizing: border-box; margin: 12px 0px; color: rgb(115, 115, 115); font-family: tahoma, arial, &quot;Hiragino Sans GB&quot;, 宋体, sans-serif;\"><dt style=\"box-sizing: border-box; line-height: 1.42857; float: left !important;\">材 料：</dt><dd style=\"box-sizing: border-box; line-height: 1.42857; margin-left: 70px;\">99枝红玫瑰</dd></dl><dl style=\"box-sizing: border-box; margin: 12px 0px; color: rgb(115, 115, 115); font-family: tahoma, arial, &quot;Hiragino Sans GB&quot;, 宋体, sans-serif;\"><dt style=\"box-sizing: border-box; line-height: 1.42857; float: left !important;\">包 装：</dt><dd style=\"box-sizing: border-box; line-height: 1.42857; margin-left: 70px;\">黑色雪梨纸，黑色条纹纸，玻璃纸卷，酒红色缎带花结</dd></dl><dl style=\"box-sizing: border-box; margin: 12px 0px; color: rgb(115, 115, 115); font-family: tahoma, arial, &quot;Hiragino Sans GB&quot;, 宋体, sans-serif;\"><dt style=\"box-sizing: border-box; line-height: 1.42857; float: left !important;\">花 语：</dt><dd style=\"box-sizing: border-box; line-height: 1.42857; margin-left: 70px;\">下雨的时候，给她撑一把雨伞；寒冷的时候，给她一个温暖的臂弯；天黑了，永远有一盏灯为她点亮；晨起时，给她一缕温暖的阳光。爱她，就送她一束99枝的玫瑰花！</dd></dl>', '/upload/1586768715365.jpg', null, '520', '520', 'no', null, '4', '100', 'no');
INSERT INTO `t_goods` VALUES ('28', '牵手一生', '<dl style=\"box-sizing: border-box; margin: 12px 0px; color: rgb(115, 115, 115); font-family: tahoma, arial, &quot;Hiragino Sans GB&quot;, 宋体, sans-serif;\"><dt style=\"box-sizing: border-box; line-height: 1.42857; float: left !important;\">材 料：</dt><dd style=\"box-sizing: border-box; line-height: 1.42857; margin-left: 70px;\">红玫瑰19枝，满天星0.3扎<br style=\"box-sizing: border-box;\" />\r\n</dd></dl><dl style=\"box-sizing: border-box; margin: 12px 0px; color: rgb(115, 115, 115); font-family: tahoma, arial, &quot;Hiragino Sans GB&quot;, 宋体, sans-serif;\"><dt style=\"box-sizing: border-box; line-height: 1.42857; float: left !important;\">包 装：</dt><dd style=\"box-sizing: border-box; line-height: 1.42857; margin-left: 70px;\">白色opp雾面纸 浅紫香芋紫人造双面纸 白绿粗罗纹带</dd></dl><dl style=\"box-sizing: border-box; margin: 12px 0px; color: rgb(115, 115, 115); font-family: tahoma, arial, &quot;Hiragino Sans GB&quot;, 宋体, sans-serif;\"><dt style=\"box-sizing: border-box; line-height: 1.42857; float: left !important;\">花 语：</dt><dd style=\"box-sizing: border-box; line-height: 1.42857; margin-left: 70px;\">19枝红玫瑰寓意：永远爱你此情不渝。想念那条街,想念与你遇见的地方,想念和你的第一次牵手&hellip;&hellip;永远无法忘记这些往昔的喜悦,它将永驻心间！</dd></dl>', '/upload/1586768843412.jpg', null, '198', '198', 'no', null, '4', '100', 'no');
INSERT INTO `t_goods` VALUES ('29', '我爱你', '<dl style=\"box-sizing: border-box; margin: 12px 0px; color: rgb(115, 115, 115); font-family: tahoma, arial, &quot;Hiragino Sans GB&quot;, 宋体, sans-serif;\"><dt style=\"box-sizing: border-box; line-height: 1.42857; float: left !important;\">材 料：</dt><dd style=\"box-sizing: border-box; line-height: 1.42857; margin-left: 70px;\">520枝玫瑰：红玫瑰321枝，粉色戴安娜玫瑰199枝围成心形。</dd></dl><dl style=\"box-sizing: border-box; margin: 12px 0px; color: rgb(115, 115, 115); font-family: tahoma, arial, &quot;Hiragino Sans GB&quot;, 宋体, sans-serif;\"><dt style=\"box-sizing: border-box; line-height: 1.42857; float: left !important;\">包 装：</dt><dd style=\"box-sizing: border-box; line-height: 1.42857; margin-left: 70px;\">内层黑色珠光纸，外层黑色网纱包装，红色缎带花结</dd></dl><dl style=\"box-sizing: border-box; margin: 12px 0px; color: rgb(115, 115, 115); font-family: tahoma, arial, &quot;Hiragino Sans GB&quot;, 宋体, sans-serif;\"><dt style=\"box-sizing: border-box; line-height: 1.42857; float: left !important;\">花 语：</dt><dd style=\"box-sizing: border-box; line-height: 1.42857; margin-left: 70px;\">520，我爱你！</dd></dl>', '/upload/1586768934508.jpg', null, '3299', '3299', 'no', null, '4', '100', 'no');
INSERT INTO `t_goods` VALUES ('30', '爱到永久', '<dl style=\"box-sizing: border-box; margin: 12px 0px; color: rgb(115, 115, 115); font-family: tahoma, arial, &quot;Hiragino Sans GB&quot;, 宋体, sans-serif;\"><dt style=\"box-sizing: border-box; line-height: 1.42857; float: left !important;\">材 料：</dt><dd style=\"box-sizing: border-box; line-height: 1.42857; margin-left: 70px;\">999枝红玫瑰。</dd></dl><dl style=\"box-sizing: border-box; margin: 12px 0px; color: rgb(115, 115, 115); font-family: tahoma, arial, &quot;Hiragino Sans GB&quot;, 宋体, sans-serif;\"><dt style=\"box-sizing: border-box; line-height: 1.42857; float: left !important;\">包 装：</dt><dd style=\"box-sizing: border-box; line-height: 1.42857; margin-left: 70px;\">内层黑色瓦楞纸、珠光纸 ，外层黑色网纱，红色缎带花结</dd></dl><dl style=\"box-sizing: border-box; margin: 12px 0px; color: rgb(115, 115, 115); font-family: tahoma, arial, &quot;Hiragino Sans GB&quot;, 宋体, sans-serif;\"><dt style=\"box-sizing: border-box; line-height: 1.42857; float: left !important;\">花 语：</dt><dd style=\"box-sizing: border-box; line-height: 1.42857; margin-left: 70px;\">&ldquo;我喜欢你&rdquo; &ldquo;可我不喜欢你&rdquo; &ldquo;那我送999朵玫瑰再试试看&rdquo;</dd></dl>', '/upload/1586768989385.jpg', null, '5299', '5299', 'no', null, '4', '89', 'no');
INSERT INTO `t_goods` VALUES ('31', '青青子衿', '<dl style=\"box-sizing: border-box; margin: 12px 0px; color: rgb(115, 115, 115); font-family: tahoma, arial, &quot;Hiragino Sans GB&quot;, 宋体, sans-serif;\"><dt style=\"box-sizing: border-box; line-height: 1.42857; float: left !important;\">材 料：</dt><dd style=\"box-sizing: border-box; line-height: 1.42857; margin-left: 70px;\">白色多头香水百合6枝，澳州腊梅做点缀（腊梅为季节性花材，缺货用相思梅代替）</dd></dl><dl style=\"box-sizing: border-box; margin: 12px 0px; color: rgb(115, 115, 115); font-family: tahoma, arial, &quot;Hiragino Sans GB&quot;, 宋体, sans-serif;\"><dt style=\"box-sizing: border-box; line-height: 1.42857; float: left !important;\">包 装：</dt><dd style=\"box-sizing: border-box; line-height: 1.42857; margin-left: 70px;\">咖啡色条纹纸，牛皮纸，拉菲草</dd></dl><dl style=\"box-sizing: border-box; margin: 12px 0px; color: rgb(115, 115, 115); font-family: tahoma, arial, &quot;Hiragino Sans GB&quot;, 宋体, sans-serif;\"><dt style=\"box-sizing: border-box; line-height: 1.42857; float: left !important;\">花 语：</dt><dd style=\"box-sizing: border-box; line-height: 1.42857; margin-left: 70px;\">&ldquo;青青子衿，悠悠我心。&rdquo;<br style=\"box-sizing: border-box;\" />\r\n你在我的心里<br style=\"box-sizing: border-box;\" />\r\n是如此的超凡脱俗<br style=\"box-sizing: border-box;\" />\r\n我喜欢你<br style=\"box-sizing: border-box;\" />\r\n也为你祝福<br style=\"box-sizing: border-box;\" />\r\n祝福你开在最美丽的地方</dd></dl>', '/upload/1586769074748.jpg', null, '280', '280', 'no', null, '4', '100', 'no');
INSERT INTO `t_goods` VALUES ('32', '不变的心', '<dl style=\"box-sizing: border-box; margin: 12px 0px; color: rgb(115, 115, 115); font-family: tahoma, arial, &quot;Hiragino Sans GB&quot;, 宋体, sans-serif;\"><dt style=\"box-sizing: border-box; line-height: 1.42857; float: left !important;\">材 料：</dt><dd style=\"box-sizing: border-box; line-height: 1.42857; margin-left: 70px;\">戴安娜玫瑰66枝，紫色勿忘我1扎</dd></dl><dl style=\"box-sizing: border-box; margin: 12px 0px; color: rgb(115, 115, 115); font-family: tahoma, arial, &quot;Hiragino Sans GB&quot;, 宋体, sans-serif;\"><dt style=\"box-sizing: border-box; line-height: 1.42857; float: left !important;\">包 装：</dt><dd style=\"box-sizing: border-box; line-height: 1.42857; margin-left: 70px;\">内层粉色厚棉纸 外层银灰色短平板印花树叶草 粉紫双色缎带</dd></dl><dl style=\"box-sizing: border-box; margin: 12px 0px; color: rgb(115, 115, 115); font-family: tahoma, arial, &quot;Hiragino Sans GB&quot;, 宋体, sans-serif;\"><dt style=\"box-sizing: border-box; line-height: 1.42857; float: left !important;\">花 语：</dt><dd style=\"box-sizing: border-box; line-height: 1.42857; margin-left: 70px;\">爱上你是我今生最大的幸福，想你是我最甜蜜的痛苦，和你在一起是我的骄傲。没有你，我就像一只迷失了方向的船。</dd></dl>', '/upload/1586769132318.jpg', null, '469', '469', 'no', null, '4', '100', 'no');
INSERT INTO `t_goods` VALUES ('33', '嫁给我吧', '<dl style=\"box-sizing: border-box; margin: 12px 0px; color: rgb(115, 115, 115); font-family: tahoma, arial, &quot;Hiragino Sans GB&quot;, 宋体, sans-serif;\"><dt style=\"box-sizing: border-box; line-height: 1.42857; float: left !important;\">材 料：</dt><dd style=\"box-sizing: border-box; line-height: 1.42857; margin-left: 70px;\">戴安娜粉玫瑰108枝<br style=\"box-sizing: border-box;\" />\r\n</dd></dl><dl style=\"box-sizing: border-box; margin: 12px 0px; color: rgb(115, 115, 115); font-family: tahoma, arial, &quot;Hiragino Sans GB&quot;, 宋体, sans-serif;\"><dt style=\"box-sizing: border-box; line-height: 1.42857; float: left !important;\">包 装：</dt><dd style=\"box-sizing: border-box; line-height: 1.42857; margin-left: 70px;\">浅灰色素染纸6张，白蓝细条纹罗文带2米</dd></dl><dl style=\"box-sizing: border-box; margin: 12px 0px; color: rgb(115, 115, 115); font-family: tahoma, arial, &quot;Hiragino Sans GB&quot;, 宋体, sans-serif;\"><dt style=\"box-sizing: border-box; line-height: 1.42857; float: left !important;\">花 语：</dt><dd style=\"box-sizing: border-box; line-height: 1.42857; margin-left: 70px;\">108朵玫瑰，每一朵都在细诉无尽的爱，每一朵都是我在对你说：&ldquo;嫁给我吧！&rdquo;</dd></dl>', '/upload/1586769205742.jpg', null, '668', '668', 'no', null, '4', '89', 'no');
INSERT INTO `t_goods` VALUES ('34', '鸿运昌盛', '<dl style=\"box-sizing: border-box; margin: 12px 0px; color: rgb(115, 115, 115); font-family: tahoma, arial, &quot;Hiragino Sans GB&quot;, 宋体, sans-serif;\"><dt style=\"box-sizing: border-box; line-height: 1.42857; float: left !important;\">材 料：</dt><dd style=\"box-sizing: border-box; line-height: 1.42857; margin-left: 70px;\">开业花篮: 红、橙、黄三色太阳花共35枝，散尾葵半扎，填充适量粉色多头康乃馨、栀子叶</dd></dl><dl style=\"box-sizing: border-box; margin: 12px 0px; color: rgb(115, 115, 115); font-family: tahoma, arial, &quot;Hiragino Sans GB&quot;, 宋体, sans-serif;\"><dt style=\"box-sizing: border-box; line-height: 1.42857; float: left !important;\">包 装：</dt><dd style=\"box-sizing: border-box; line-height: 1.42857; margin-left: 70px;\">两层花蓝，粉色棉纸</dd></dl><dl style=\"box-sizing: border-box; margin: 12px 0px; color: rgb(115, 115, 115); font-family: tahoma, arial, &quot;Hiragino Sans GB&quot;, 宋体, sans-serif;\"><dt style=\"box-sizing: border-box; line-height: 1.42857; float: left !important;\">花 语：</dt><dd style=\"box-sizing: border-box; line-height: 1.42857; margin-left: 70px;\">开业花篮，适合开业庆典，乔迁，祝贺。</dd></dl>', '/upload/1586769272379.jpg', null, '218', '218', 'no', null, '5', '100', 'no');
INSERT INTO `t_goods` VALUES ('35', '鸿运高照-', '<dl style=\"box-sizing: border-box; margin: 12px 0px; color: rgb(115, 115, 115); font-family: tahoma, arial, &quot;Hiragino Sans GB&quot;, 宋体, sans-serif;\"><dt style=\"box-sizing: border-box; line-height: 1.42857; float: left !important;\">材 料：</dt><dd style=\"box-sizing: border-box; line-height: 1.42857; margin-left: 70px;\">开业花篮: 红色太阳花2扎，粉色香水百合3枝，粉色金鱼草5枝，戴安娜玫瑰11枝，石竹梅半扎，散尾葵半扎，填充适量栀子叶</dd></dl><dl style=\"box-sizing: border-box; margin: 12px 0px; color: rgb(115, 115, 115); font-family: tahoma, arial, &quot;Hiragino Sans GB&quot;, 宋体, sans-serif;\"><dt style=\"box-sizing: border-box; line-height: 1.42857; float: left !important;\">包 装：</dt><dd style=\"box-sizing: border-box; line-height: 1.42857; margin-left: 70px;\">两层花架一个，金箔纸包裹</dd></dl><dl style=\"box-sizing: border-box; margin: 12px 0px; color: rgb(115, 115, 115); font-family: tahoma, arial, &quot;Hiragino Sans GB&quot;, 宋体, sans-serif;\"><dt style=\"box-sizing: border-box; line-height: 1.42857; float: left !important;\">花 语：</dt><dd style=\"box-sizing: border-box; line-height: 1.42857; margin-left: 70px;\">开业花篮，适合开业庆典，乔迁，祝贺。</dd></dl>', '/upload/1586769333836.jpg', null, '389', '389', 'no', null, '5', '100', 'no');
INSERT INTO `t_goods` VALUES ('36', '开业花篮', '<dl style=\"box-sizing: border-box; margin: 12px 0px; color: rgb(115, 115, 115); font-family: tahoma, arial, &quot;Hiragino Sans GB&quot;, 宋体, sans-serif;\"><dt style=\"box-sizing: border-box; line-height: 1.42857; float: left !important;\">材 料：</dt><dd style=\"box-sizing: border-box; line-height: 1.42857; margin-left: 70px;\">开业花篮:紫色紫罗兰9枝，粉色绣球2枝，蓝色绣球3枝，粉佳人玫瑰12枝，紫玫瑰15枝，紫色桔梗6枝，紫色小菊7枝，搭配龟背叶、散尾葵尤加利适量</dd></dl><dl style=\"box-sizing: border-box; margin: 12px 0px; color: rgb(115, 115, 115); font-family: tahoma, arial, &quot;Hiragino Sans GB&quot;, 宋体, sans-serif;\"><dt style=\"box-sizing: border-box; line-height: 1.42857; float: left !important;\">包 装：</dt><dd style=\"box-sizing: border-box; line-height: 1.42857; margin-left: 70px;\">木质三角架</dd></dl><dl style=\"box-sizing: border-box; margin: 12px 0px; color: rgb(115, 115, 115); font-family: tahoma, arial, &quot;Hiragino Sans GB&quot;, 宋体, sans-serif;\"><dt style=\"box-sizing: border-box; line-height: 1.42857; float: left !important;\">花 语：</dt><dd style=\"box-sizing: border-box; line-height: 1.42857; margin-left: 70px;\">前程如精致的锦绣一样，未来势必十分美好。</dd></dl>', '/upload/1586769415745.jpg', null, '899', '899', 'no', null, '5', '100', 'no');
INSERT INTO `t_goods` VALUES ('37', '骏业崇隆', '<dl style=\"box-sizing: border-box; margin: 12px 0px; color: rgb(115, 115, 115); font-family: tahoma, arial, &quot;Hiragino Sans GB&quot;, 宋体, sans-serif;\"><dt style=\"box-sizing: border-box; line-height: 1.42857; float: left !important;\">材 料：</dt><dd style=\"box-sizing: border-box; line-height: 1.42857; margin-left: 70px;\">开业花篮: 三色太阳花30枝，粉色香水百合8朵，散尾葵半扎，填充适量黄莺</dd></dl><dl style=\"box-sizing: border-box; margin: 12px 0px; color: rgb(115, 115, 115); font-family: tahoma, arial, &quot;Hiragino Sans GB&quot;, 宋体, sans-serif;\"><dt style=\"box-sizing: border-box; line-height: 1.42857; float: left !important;\">包 装：</dt><dd style=\"box-sizing: border-box; line-height: 1.42857; margin-left: 70px;\">双层花架一个，粉色棉纸包裹</dd></dl><dl style=\"box-sizing: border-box; margin: 12px 0px; color: rgb(115, 115, 115); font-family: tahoma, arial, &quot;Hiragino Sans GB&quot;, 宋体, sans-serif;\"><dt style=\"box-sizing: border-box; line-height: 1.42857; float: left !important;\">花 语：</dt><dd style=\"box-sizing: border-box; line-height: 1.42857; margin-left: 70px;\">开业花篮，适合开业庆典，乔迁，祝贺。</dd></dl>', '/upload/1586769499947.jpg', null, '278', '278', 'no', null, '5', '100', 'no');
INSERT INTO `t_goods` VALUES ('38', '吉星高照', '<dl style=\"box-sizing: border-box; margin: 12px 0px; color: rgb(115, 115, 115); font-family: tahoma, arial, &quot;Hiragino Sans GB&quot;, 宋体, sans-serif;\"><dt style=\"box-sizing: border-box; line-height: 1.42857; float: left !important;\">材 料：</dt><dd style=\"box-sizing: border-box; line-height: 1.42857; margin-left: 70px;\">开业花篮: 红橙两色太阳花共40枝，粉色香水百合7枝，粉色金鱼草5枝，散尾葵半扎，填充适量绿叶</dd></dl><dl style=\"box-sizing: border-box; margin: 12px 0px; color: rgb(115, 115, 115); font-family: tahoma, arial, &quot;Hiragino Sans GB&quot;, 宋体, sans-serif;\"><dt style=\"box-sizing: border-box; line-height: 1.42857; float: left !important;\">包 装：</dt><dd style=\"box-sizing: border-box; line-height: 1.42857; margin-left: 70px;\">三层花架一个，粉色棉纸包裹</dd></dl><dl style=\"box-sizing: border-box; margin: 12px 0px; color: rgb(115, 115, 115); font-family: tahoma, arial, &quot;Hiragino Sans GB&quot;, 宋体, sans-serif;\"><dt style=\"box-sizing: border-box; line-height: 1.42857; float: left !important;\">花 语：</dt><dd style=\"box-sizing: border-box; line-height: 1.42857; margin-left: 70px;\">开业花篮，适合开业庆典，乔迁，祝贺。</dd></dl>', '/upload/1586769556610.jpg', null, '369', '369', 'no', null, '5', '100', 'no');
INSERT INTO `t_goods` VALUES ('39', '开业大吉（双花篮）', '<dl style=\"box-sizing: border-box; margin: 12px 0px; color: rgb(115, 115, 115); font-family: tahoma, arial, &quot;Hiragino Sans GB&quot;, 宋体, sans-serif;\"><dt style=\"box-sizing: border-box; line-height: 1.42857; float: left !important;\">材 料：</dt><dd style=\"box-sizing: border-box; line-height: 1.42857; margin-left: 70px;\">粉百合七枝，粉色剑兰一扎，红色非洲菊两扎，黄色太阳花一扎，栀子叶五扎，散尾叶一扎，天堂鸟三枝，米兰叶三扎（单个花篮量），包含左右两个花蓝，数量为一对</dd></dl><dl style=\"box-sizing: border-box; margin: 12px 0px; color: rgb(115, 115, 115); font-family: tahoma, arial, &quot;Hiragino Sans GB&quot;, 宋体, sans-serif;\"><dt style=\"box-sizing: border-box; line-height: 1.42857; float: left !important;\">包 装：</dt><dd style=\"box-sizing: border-box; line-height: 1.42857; margin-left: 70px;\">花篮以实际为主</dd></dl><dl style=\"box-sizing: border-box; margin: 12px 0px; color: rgb(115, 115, 115); font-family: tahoma, arial, &quot;Hiragino Sans GB&quot;, 宋体, sans-serif;\"><dt style=\"box-sizing: border-box; line-height: 1.42857; float: left !important;\">花 语：</dt><dd style=\"box-sizing: border-box; line-height: 1.42857; margin-left: 70px;\">以红色为喜庆主调，寓意红红火火，兴旺发达。</dd></dl>', '/upload/1586769645205.jpg', null, '1299', '1299', 'no', null, '5', '100', 'no');
INSERT INTO `t_goods` VALUES ('40', '韩式系列/亲爱的你', '<dl style=\"box-sizing: border-box; margin: 12px 0px; color: rgb(115, 115, 115); font-family: tahoma, arial, &quot;Hiragino Sans GB&quot;, 宋体, sans-serif;\"><dt style=\"box-sizing: border-box; line-height: 1.42857; float: left !important;\">材 料：</dt><dd style=\"box-sizing: border-box; line-height: 1.42857; margin-left: 70px;\">韩式花束系列：粉佳人玫瑰16枝、白色洋桔梗5枝、粉色洋桔梗5枝、尤加利10枝、浅紫色小菊3枝、深粉色绣球1枝</dd></dl><dl style=\"box-sizing: border-box; margin: 12px 0px; color: rgb(115, 115, 115); font-family: tahoma, arial, &quot;Hiragino Sans GB&quot;, 宋体, sans-serif;\"><dt style=\"box-sizing: border-box; line-height: 1.42857; float: left !important;\">包 装：</dt><dd style=\"box-sizing: border-box; line-height: 1.42857; margin-left: 70px;\">蓝色人造纸8张、白色雪梨纸2张、粉色罗纹烫金丝带1.5米</dd></dl><dl style=\"box-sizing: border-box; margin: 12px 0px; color: rgb(115, 115, 115); font-family: tahoma, arial, &quot;Hiragino Sans GB&quot;, 宋体, sans-serif;\"><dt style=\"box-sizing: border-box; line-height: 1.42857; float: left !important;\">花 语：</dt><dd style=\"box-sizing: border-box; line-height: 1.42857; margin-left: 70px;\">我喜欢的样子你都有</dd></dl>', '/upload/1586769873481.jpg', null, '368', '368', 'no', null, '8', '91', 'no');
INSERT INTO `t_goods` VALUES ('41', '甜美公主', '<dl style=\"box-sizing: border-box; margin: 12px 0px; color: rgb(115, 115, 115); font-family: tahoma, arial, &quot;Hiragino Sans GB&quot;, 宋体, sans-serif;\"><dt style=\"box-sizing: border-box; line-height: 1.42857; float: left !important;\">材 料：</dt><dd style=\"box-sizing: border-box; line-height: 1.42857; margin-left: 70px;\">各色玫瑰共36枝：白玫瑰22枝，粉佳人粉玫瑰14枝；粉色桔梗5枝，尤加利0.5扎</dd></dl><dl style=\"box-sizing: border-box; margin: 12px 0px; color: rgb(115, 115, 115); font-family: tahoma, arial, &quot;Hiragino Sans GB&quot;, 宋体, sans-serif;\"><dt style=\"box-sizing: border-box; line-height: 1.42857; float: left !important;\">包 装：</dt><dd style=\"box-sizing: border-box; line-height: 1.42857; margin-left: 70px;\">绿色/浅绿色双面人造纸，白咖罗纹带花结</dd></dl><dl style=\"box-sizing: border-box; margin: 12px 0px; color: rgb(115, 115, 115); font-family: tahoma, arial, &quot;Hiragino Sans GB&quot;, 宋体, sans-serif;\"><dt style=\"box-sizing: border-box; line-height: 1.42857; float: left !important;\">花 语：</dt><dd style=\"box-sizing: border-box; line-height: 1.42857; margin-left: 70px;\">再多一点点距离，我就能靠近你。清晰甜美的空气里，爱你到不能呼吸。</dd></dl>', '/upload/1586769951497.jpg', null, '369', '369', 'no', null, '8', '93', 'no');
INSERT INTO `t_goods` VALUES ('42', '满天星-浅粉', '<dl style=\"box-sizing: border-box; margin: 12px 0px; color: rgb(115, 115, 115); font-family: tahoma, arial, &quot;Hiragino Sans GB&quot;, 宋体, sans-serif;\"><dt style=\"box-sizing: border-box; line-height: 1.42857; float: left !important;\">材 料：</dt><dd style=\"box-sizing: border-box; line-height: 1.42857; margin-left: 70px;\">浅粉满天星1扎</dd></dl><dl style=\"box-sizing: border-box; margin: 12px 0px; color: rgb(115, 115, 115); font-family: tahoma, arial, &quot;Hiragino Sans GB&quot;, 宋体, sans-serif;\"><dt style=\"box-sizing: border-box; line-height: 1.42857; float: left !important;\">包 装：</dt><dd style=\"box-sizing: border-box; line-height: 1.42857; margin-left: 70px;\">粉蓝人造纸9张、浅粉色罗纹玫瑰金丝带2米</dd></dl><dl style=\"box-sizing: border-box; margin: 12px 0px; color: rgb(115, 115, 115); font-family: tahoma, arial, &quot;Hiragino Sans GB&quot;, 宋体, sans-serif;\"><dt style=\"box-sizing: border-box; line-height: 1.42857; float: left !important;\">花 语：</dt><dd style=\"box-sizing: border-box; line-height: 1.42857; margin-left: 70px;\">我携满天星辰赠你，好教你不逊色人间错落烟火；只有这满天星辰，足够与你相配。</dd></dl>', '/upload/1586770063986.jpg', null, '198', '198', 'no', null, '8', '92', 'no');
INSERT INTO `t_goods` VALUES ('43', '向日葵之歌', '<dl style=\"box-sizing: border-box; margin: 12px 0px; color: rgb(115, 115, 115); font-family: tahoma, arial, &quot;Hiragino Sans GB&quot;, 宋体, sans-serif;\"><dt style=\"box-sizing: border-box; line-height: 1.42857; float: left !important;\">材 料：</dt><dd style=\"box-sizing: border-box; line-height: 1.42857; margin-left: 70px;\">向日葵6枝，黄色勿忘我0.2扎、（如黄色勿忘我缺货可用粉色勿忘我代替）、黄莺10枝</dd></dl><dl style=\"box-sizing: border-box; margin: 12px 0px; color: rgb(115, 115, 115); font-family: tahoma, arial, &quot;Hiragino Sans GB&quot;, 宋体, sans-serif;\"><dt style=\"box-sizing: border-box; line-height: 1.42857; float: left !important;\">包 装：</dt><dd style=\"box-sizing: border-box; line-height: 1.42857; margin-left: 70px;\">咖啡色英文报纸,拉菲草花结</dd></dl><dl style=\"box-sizing: border-box; margin: 12px 0px; color: rgb(115, 115, 115); font-family: tahoma, arial, &quot;Hiragino Sans GB&quot;, 宋体, sans-serif;\"><dt style=\"box-sizing: border-box; line-height: 1.42857; float: left !important;\">花 语：</dt><dd style=\"box-sizing: border-box; line-height: 1.42857; margin-left: 70px;\">采一束阳光，制成书签，每一天都有温暖入怀。</dd></dl>', '/upload/1586770141724.jpg', null, '169', '169', 'no', null, '8', '96', 'no');
INSERT INTO `t_goods` VALUES ('44', '韩式系列/着迷', '<dl style=\"box-sizing: border-box; margin: 12px 0px; color: rgb(115, 115, 115); font-family: tahoma, arial, &quot;Hiragino Sans GB&quot;, 宋体, sans-serif;\"><dt style=\"box-sizing: border-box; line-height: 1.42857; float: left !important;\">材 料：</dt><dd style=\"box-sizing: border-box; line-height: 1.42857; margin-left: 70px;\">韩式花束系列：紫霞仙子紫玫瑰11枝、3头或以上白色洋桔梗10枝、尤加利5枝、浅紫色紫罗兰3枝（紫罗兰花期为12-4月，其他月份用浅紫色金鱼草/浅紫色桔梗/浅紫色风铃花等相似线状花材替代）</dd></dl><dl style=\"box-sizing: border-box; margin: 12px 0px; color: rgb(115, 115, 115); font-family: tahoma, arial, &quot;Hiragino Sans GB&quot;, 宋体, sans-serif;\"><dt style=\"box-sizing: border-box; line-height: 1.42857; float: left !important;\">包 装：</dt><dd style=\"box-sizing: border-box; line-height: 1.42857; margin-left: 70px;\">浅紫/香芋紫人造纸7张、白色雪梨纸2张、灰蓝色罗纹烫金丝带2米</dd></dl><dl style=\"box-sizing: border-box; margin: 12px 0px; color: rgb(115, 115, 115); font-family: tahoma, arial, &quot;Hiragino Sans GB&quot;, 宋体, sans-serif;\"><dt style=\"box-sizing: border-box; line-height: 1.42857; float: left !important;\">花 语：</dt><dd style=\"box-sizing: border-box; line-height: 1.42857; margin-left: 70px;\">浪漫至死不渝，温柔绝对屈服</dd></dl>', '/upload/1590931934589.jpg', null, '279', '279', 'no', null, '1', '100', 'no');
INSERT INTO `t_goods` VALUES ('45', '我只钟情你', '<dl style=\"box-sizing: border-box; margin: 12px 0px; color: rgb(115, 115, 115); font-family: tahoma, arial, &quot;Hiragino Sans GB&quot;, 宋体, sans-serif;\"><dt style=\"box-sizing: border-box; line-height: 1.42857; float: left !important;\">材 料：</dt><dd style=\"box-sizing: border-box; line-height: 1.42857; margin-left: 70px;\">香槟玫瑰11枝、白色小雏菊3枝、浅紫色勿忘我4枝、栀子叶2枝</dd></dl><dl style=\"box-sizing: border-box; margin: 12px 0px; color: rgb(115, 115, 115); font-family: tahoma, arial, &quot;Hiragino Sans GB&quot;, 宋体, sans-serif;\"><dt style=\"box-sizing: border-box; line-height: 1.42857; float: left !important;\">包 装：</dt><dd style=\"box-sizing: border-box; line-height: 1.42857; margin-left: 70px;\">米白色平面纸1张、蓝色条纹纸1张、米白色缎带1米、60#大号魔力铁山灰包装盒</dd></dl><dl style=\"box-sizing: border-box; margin: 12px 0px; color: rgb(115, 115, 115); font-family: tahoma, arial, &quot;Hiragino Sans GB&quot;, 宋体, sans-serif;\"><dt style=\"box-sizing: border-box; line-height: 1.42857; float: left !important;\">花 语：</dt><dd style=\"box-sizing: border-box; line-height: 1.42857; margin-left: 70px;\">香槟玫瑰清新、脱俗，品位独特！让我们乘着芬芳的清风，手牵着手走过四季春秋。</dd></dl>', '/upload/1592125476799.jpg', null, '236', '236', 'no', null, '1', '100', 'no');

-- ----------------------------
-- Table structure for t_liuyan
-- ----------------------------
DROP TABLE IF EXISTS `t_liuyan`;
CREATE TABLE `t_liuyan` (
  `liuyan_id` int(11) NOT NULL,
  `liuyan_title` varchar(50) DEFAULT NULL,
  `liuyan_content` text,
  `liuyan_date` varchar(50) DEFAULT NULL,
  `liuyan_user` varchar(50) DEFAULT NULL,
  PRIMARY KEY (`liuyan_id`)
) ENGINE=MyISAM DEFAULT CHARSET=utf8;

-- ----------------------------
-- Records of t_liuyan
-- ----------------------------
INSERT INTO `t_liuyan` VALUES ('3', '鲜花包装', '鲜花包装很精致，花也特别棒！！！喜欢！！！', '2020-5-2 21:07:16', null);
INSERT INTO `t_liuyan` VALUES ('4', '鲜花包装', '包装很精致！！！好评', '2020-6-13 18:57:41', '珊珊');
INSERT INTO `t_liuyan` VALUES ('5', '服务态度', '服务态度很好', '2020-6-13 18:58:55', '楠楠');
INSERT INTO `t_liuyan` VALUES ('6', '鲜花不好', '你家的鲜花差的要死，还那么多好评', '2020-6-13 18:59:50', '拉拉');

-- ----------------------------
-- Table structure for t_order
-- ----------------------------
DROP TABLE IF EXISTS `t_order`;
CREATE TABLE `t_order` (
  `order_id` int(11) NOT NULL,
  `order_bianhao` varchar(50) DEFAULT NULL,
  `order_date` varchar(50) DEFAULT NULL,
  `order_zhuangtai` varchar(50) DEFAULT NULL,
  `order_songhuodizhi` varchar(50) DEFAULT NULL,
  `order_fukuangfangshi` varchar(50) DEFAULT NULL,
  `order_jine` int(11) DEFAULT NULL,
  `order_user_id` int(11) DEFAULT NULL,
  PRIMARY KEY (`order_id`)
) ENGINE=MyISAM DEFAULT CHARSET=utf8;

-- ----------------------------
-- Records of t_order
-- ----------------------------
INSERT INTO `t_order` VALUES ('24', '20200502041237', '2020-05-02 04:12:37', 'yes', '', '货到付款', '198', '4');
INSERT INTO `t_order` VALUES ('25', '20200502093035', '2020-05-02 09:30:35', 'no', '', '货到付款', '2043', '4');
INSERT INTO `t_order` VALUES ('26', '20200531090639', '2020-05-31 09:06:39', 'no', '湖南衡阳', '货到付款', '5867', '4');
INSERT INTO `t_order` VALUES ('27', '20200531091459', '2020-05-31 09:14:59', 'no', '湖南衡阳', '货到付款', '6225', '4');
INSERT INTO `t_order` VALUES ('28', '20200531091746', '2020-05-31 09:17:46', 'no', '湖南衡阳', '货到付款', '6235', '4');
INSERT INTO `t_order` VALUES ('29', '20200612042435', '2020-06-12 04:24:35', 'no', '湖南衡阳', '货到付款', '1128', '4');
INSERT INTO `t_order` VALUES ('30', '20200612042515', '2020-06-12 04:25:15', 'no', '湖南衡阳', '货到付款', '1840', '4');
INSERT INTO `t_order` VALUES ('32', '20200612042641', '2020-06-12 04:26:41', 'no', '湖南衡阳', '货到付款', '3340', '4');
INSERT INTO `t_order` VALUES ('31', '20200612042618', '2020-06-12 04:26:18', 'no', '湖南衡阳', '货到付款', '3340', '4');
INSERT INTO `t_order` VALUES ('23', '20200501052801', '2020-05-01 05:28:01', 'yes', '', '货到付款', '5766', '4');

-- ----------------------------
-- Table structure for t_orderitem
-- ----------------------------
DROP TABLE IF EXISTS `t_orderitem`;
CREATE TABLE `t_orderitem` (
  `orderItem_id` int(11) NOT NULL,
  `order_id` int(11) DEFAULT NULL,
  `goods_id` int(11) DEFAULT NULL,
  `goods_quantity` int(11) DEFAULT NULL,
  PRIMARY KEY (`orderItem_id`)
) ENGINE=MyISAM DEFAULT CHARSET=utf8;

-- ----------------------------
-- Records of t_orderitem
-- ----------------------------
INSERT INTO `t_orderitem` VALUES ('7', '2', '9', '1');
INSERT INTO `t_orderitem` VALUES ('6', '2', '6', '1');
INSERT INTO `t_orderitem` VALUES ('5', '1', '9', '1');
INSERT INTO `t_orderitem` VALUES ('4', '1', '6', '1');
INSERT INTO `t_orderitem` VALUES ('3', '1', '5', '1');
INSERT INTO `t_orderitem` VALUES ('2', '1', '4', '1');
INSERT INTO `t_orderitem` VALUES ('1', '1', '2', '1');
INSERT INTO `t_orderitem` VALUES ('35', '25', '41', '5');
INSERT INTO `t_orderitem` VALUES ('34', '24', '42', '1');
INSERT INTO `t_orderitem` VALUES ('37', '26', '12', '1');
INSERT INTO `t_orderitem` VALUES ('36', '25', '42', '1');
INSERT INTO `t_orderitem` VALUES ('12', '5', '2', '1');
INSERT INTO `t_orderitem` VALUES ('13', '6', '19', '1');
INSERT INTO `t_orderitem` VALUES ('14', '7', '30', '1');
INSERT INTO `t_orderitem` VALUES ('15', '8', '25', '1');
INSERT INTO `t_orderitem` VALUES ('16', '9', '33', '1');
INSERT INTO `t_orderitem` VALUES ('17', '10', '26', '1');
INSERT INTO `t_orderitem` VALUES ('18', '11', '19', '1');
INSERT INTO `t_orderitem` VALUES ('19', '12', '42', '1');
INSERT INTO `t_orderitem` VALUES ('20', '13', '11', '2');
INSERT INTO `t_orderitem` VALUES ('21', '14', '13', '1');
INSERT INTO `t_orderitem` VALUES ('22', '15', '42', '3');
INSERT INTO `t_orderitem` VALUES ('23', '16', '40', '3');
INSERT INTO `t_orderitem` VALUES ('24', '17', '42', '1');
INSERT INTO `t_orderitem` VALUES ('25', '17', '43', '4');
INSERT INTO `t_orderitem` VALUES ('26', '18', '16', '6');
INSERT INTO `t_orderitem` VALUES ('27', '19', '14', '6');
INSERT INTO `t_orderitem` VALUES ('28', '20', '30', '6');
INSERT INTO `t_orderitem` VALUES ('29', '21', '12', '6');
INSERT INTO `t_orderitem` VALUES ('30', '22', '26', '1');
INSERT INTO `t_orderitem` VALUES ('31', '23', '42', '1');
INSERT INTO `t_orderitem` VALUES ('32', '23', '12', '1');
INSERT INTO `t_orderitem` VALUES ('33', '23', '30', '1');
INSERT INTO `t_orderitem` VALUES ('38', '26', '14', '1');
INSERT INTO `t_orderitem` VALUES ('39', '26', '30', '1');
INSERT INTO `t_orderitem` VALUES ('40', '27', '41', '2');
INSERT INTO `t_orderitem` VALUES ('41', '27', '11', '1');
INSERT INTO `t_orderitem` VALUES ('42', '27', '30', '1');
INSERT INTO `t_orderitem` VALUES ('43', '28', '40', '1');
INSERT INTO `t_orderitem` VALUES ('44', '28', '30', '1');
INSERT INTO `t_orderitem` VALUES ('45', '28', '14', '1');
INSERT INTO `t_orderitem` VALUES ('46', '29', '11', '6');
INSERT INTO `t_orderitem` VALUES ('47', '30', '40', '5');
INSERT INTO `t_orderitem` VALUES ('48', '31', '33', '5');
INSERT INTO `t_orderitem` VALUES ('49', '32', '33', '5');

-- ----------------------------
-- Table structure for t_user
-- ----------------------------
DROP TABLE IF EXISTS `t_user`;
CREATE TABLE `t_user` (
  `user_id` int(11) NOT NULL,
  `user_name` varchar(50) DEFAULT NULL,
  `user_pw` varchar(50) DEFAULT NULL,
  `user_type` int(11) DEFAULT NULL,
  `user_realname` varchar(50) DEFAULT NULL,
  `user_address` varchar(50) DEFAULT NULL,
  `user_sex` varchar(50) DEFAULT NULL,
  `user_tel` varchar(50) DEFAULT NULL,
  `user_email` varchar(50) DEFAULT NULL,
  `user_qq` varchar(50) DEFAULT NULL,
  `user_man` varchar(50) DEFAULT NULL,
  `user_age` varchar(50) DEFAULT NULL,
  `user_birthday` varchar(50) DEFAULT NULL,
  `user_xueli` varchar(50) DEFAULT NULL,
  `user_del` varchar(50) DEFAULT NULL,
  `user_one1` varchar(50) DEFAULT NULL,
  `user_one2` varchar(50) DEFAULT NULL,
  `user_one3` varchar(50) DEFAULT NULL,
  `user_one4` varchar(50) DEFAULT NULL,
  `user_one5` varchar(50) DEFAULT NULL,
  `user_one6` int(11) DEFAULT NULL,
  `user_one7` int(11) DEFAULT NULL,
  `user_one8` int(11) DEFAULT NULL,
  `user_one9` datetime DEFAULT NULL,
  `user_one10` datetime DEFAULT NULL,
  `user_one11` bigint(20) DEFAULT NULL,
  `user_one12` bigint(20) DEFAULT NULL,
  PRIMARY KEY (`user_id`)
) ENGINE=MyISAM DEFAULT CHARSET=utf8;

-- ----------------------------
-- Records of t_user
-- ----------------------------
INSERT INTO `t_user` VALUES ('1', 'ztest', '123456', '0', '张光磊', '河南驻马店', '男', '18300726818', '58850198@qq.com', '58850198', null, null, null, null, 'yes', null, null, null, null, null, null, null, null, null, null, null, null);
INSERT INTO `t_user` VALUES ('2', 'ztest1', '123456', '0', '张光磊1', '河南', '男', '18300726818', '58850198@qq.com', '58850198', null, null, null, null, 'yes', null, null, null, null, null, null, null, null, null, null, null, null);
INSERT INTO `t_user` VALUES ('3', 'zhgl', '123456', '0', '张三', '北京', '男', '18300851125', '58850198@qq.com', '58850198', null, null, null, null, 'yes', null, null, null, null, null, null, null, null, null, null, null, null);
INSERT INTO `t_user` VALUES ('4', 'tangtang', 'aaaaaa', '0', '糖糖', '湖南长沙', '男', '12345678901', '2540740817@qq.com', '2540740817@qq.com', null, null, null, null, 'no', null, null, null, null, null, null, null, null, null, null, null, null);
INSERT INTO `t_user` VALUES ('5', '珊珊', 'aaaaaa', '0', '珊珊', '湖南长沙', '男', '12345678901', '123456789@qq.com', '123456789', null, null, null, null, 'no', null, null, null, null, null, null, null, null, null, null, null, null);
INSERT INTO `t_user` VALUES ('6', '拉拉', 'aaaaaa', '0', '拉拉', '广西', '男', '12345678901', '123456789@qq.com', '1234567890', null, null, null, null, 'no', null, null, null, null, null, null, null, null, null, null, null, null);
INSERT INTO `t_user` VALUES ('7', '楠楠', 'aaaaaa', '0', '楠楠', '湖北', '男', '12345678901', '123456789@qq.com', '1234567890', null, null, null, null, 'no', null, null, null, null, null, null, null, null, null, null, null, null);
